query,top_intent
Which of my friends made it to the blues festival last weekend?,UNSUPPORTED
Where can I get some authentic pork buns,UNSUPPORTED
Where can view new movie trailers?,UNSUPPORTED
When is Laura Marie going to be at Candlelight again,UNSUPPORTED
Are there nearby hair salons with available appointments for this weekend,UNSUPPORTED
"Where is the sign that reads """"We Love Tacos"""" in San Antonio",UNSUPPORTED
I feel like hiking tomorrowWhere can I go,UNSUPPORTED
"Laundromats in Taylors, SC open on Sundays",UNSUPPORTED
where is a running amusement park on 7th st for today,UNSUPPORTED
Where is the best place to take my father fishing in Montana?,UNSUPPORTED
What event are my friends interested in tomorrow?,UNSUPPORTED
how far away is moon to earth,UNSUPPORTED
Laptop places nearby,UNSUPPORTED
open Waze navigation,UNSUPPORTED
What stores are at Times Square,UNSUPPORTED
is there a art gallery opening that my sister is going to,UNSUPPORTED
Can I get tickets for An American in Paris at the Community Center Theater for May,UNSUPPORTED
Price of gas locally,UNSUPPORTED
Search coworkers for a chili recipe for football game days.,UNSUPPORTED
How many times have I scheduled coffee dates with Lydia?,UNSUPPORTED
What type of weather will my sister be having at the end of the month?,UNSUPPORTED
Mexican restaurants open late,UNSUPPORTED
where can I go hiking,UNSUPPORTED
Dancing club within 10 miles to go to tonight,UNSUPPORTED
Japanese fast food restaurants serving sushi on Sundays near me,UNSUPPORTED
what is new,UNSUPPORTED
top golf Detroit,UNSUPPORTED
Family restaurants near Chicago Water tower,UNSUPPORTED
How far does the Great Wall of China go,UNSUPPORTED
What is the closest nightclub that has dancing,UNSUPPORTED
Where in the world do they celebrate New Year's Eve first,UNSUPPORTED
Grocery stores in area,UNSUPPORTED
Bar deals near me today,UNSUPPORTED
Where can I bike for 10 miles in Los Angles right now,UNSUPPORTED
Is there a restaurant atop the Freedom Tower in Lower Manhattan and how do I make reservations for Saturday night,UNSUPPORTED
Macy's store hours,UNSUPPORTED
Who amongst my old friends still plays,UNSUPPORTED
What roads are closing for President Trump's speech in Pensacola today,UNSUPPORTED
How far away is the nutcracker parade,UNSUPPORTED
Any new auditions posted in the actors group?,UNSUPPORTED
Who is going on the High Adventure scout trip with my son?,UNSUPPORTED
"Ruth Chris Steakhouse in Jacksonville, Florida",UNSUPPORTED
Which of my friends have been to Disney World?,UNSUPPORTED
What time does McDonald's close,UNSUPPORTED
Sport equipment rental in Orlando,UNSUPPORTED
What are the best resturants near me,UNSUPPORTED
Coffee houses in Minneapolis,UNSUPPORTED
"Pet friendly and kid friendly parks in Sacramento, CA",UNSUPPORTED
Closing time for stores in the strip mall near me,UNSUPPORTED
whats the menu at the rio in las vegas on the weekend,UNSUPPORTED
Is Yosemite open for the season and can I camp there?,UNSUPPORTED
Disney Christmas,UNSUPPORTED
Did any of my friends from Indiana University upload any statuses about catching the flu?,UNSUPPORTED
What are the hours of Disney Springs,UNSUPPORTED
Find me a great wing bar in Austin,UNSUPPORTED
family friendly restaurants,UNSUPPORTED
is any place to eat open now,UNSUPPORTED
Whats a good place to have fun,UNSUPPORTED
Where can I get holiday wear for a holiday party,UNSUPPORTED
Has Liz communicated recently with anyone in our family?,UNSUPPORTED
Area malls that have Santa pictures,UNSUPPORTED
hip downtown clubs in new york,UNSUPPORTED
Can I sign up for flag football?,UNSUPPORTED
the best restaurant near me,UNSUPPORTED
wine bars in Chicago,UNSUPPORTED
What are the latest opened bars in downtown Reno,UNSUPPORTED
best days to visit farms in Homestead,UNSUPPORTED
whats up,UNSUPPORTED
Where does my college rate among all colleges in the united states?,UNSUPPORTED
My brother goes to the skating rink on Boulevard 53 in Jackson Alabama is that place open two children under 16 or is it 18 and older only,UNSUPPORTED
What is most popular night club in Chicago,UNSUPPORTED
"Restrooms open to the public in Spartanburg, SC 24 hours",UNSUPPORTED
Are there any Board and brush places in Florida,UNSUPPORTED
What is the oldest building in this town and is it a historical landmark?,UNSUPPORTED
Is there a Silver Alert,UNSUPPORTED
Is there uber service in this town,UNSUPPORTED
Local child friendly restaurants in Los Angeles open at 7 am,UNSUPPORTED
Roller skating rinks near Olean NY this weekend,UNSUPPORTED
Have any of my friends eaten at the new mexican restaurant in Athens?,UNSUPPORTED
How many movie theaters are there in Cedartown?,UNSUPPORTED
Do not wake me up this weekend,UNSUPPORTED
"Hotels with complimentary concierges in Greenville, SC",UNSUPPORTED
WHAT TIME DOES THE BLUE BIRD OPEN NEXT FRIDAY,UNSUPPORTED
How many times have the Red Sox had a no-hitter?,UNSUPPORTED
When do I need to buy  christmas groceries,UNSUPPORTED
Find a family friendly venue for a party on Wednesdays,UNSUPPORTED
What are some popular places to take outdoor holiday photos within 30 miles of me,UNSUPPORTED
What time does my Dr office open on fridays,UNSUPPORTED
Are there any roller rinks in town,UNSUPPORTED
bars that allow dogs near charlotte,UNSUPPORTED
Where are the lyrics to the song that is now playing,UNSUPPORTED
Who of my friends checked into the movies this past month?,UNSUPPORTED
What city has the most traffic in the US,UNSUPPORTED
Who else of my friends is interested in going to the event?,UNSUPPORTED
New stores that opened in the month of December,UNSUPPORTED
Is there a different parade route for the University parade on Saturday?,UNSUPPORTED
Places to take holiday pictures with your dog next week,UNSUPPORTED
Are any of my friends from paint night going to the art museum exhibit?,UNSUPPORTED
Where are the best places to get tapas in town,UNSUPPORTED
Is Soaring Ridge releasing any new beers this month in Roanoke,UNSUPPORTED
What day is the shortest day of year,UNSUPPORTED
Where can I find the new Michael Jordan tennis shoes that's out this week in Nevada at the FootLocker,UNSUPPORTED
Can you invite Victoria to the pool party I'm hosting tomorrow?,UNSUPPORTED
Restaurants open on Christmas day in Ormond Beach,UNSUPPORTED
When is my sister's graduation?,UNSUPPORTED
When does Dunkin Donuts come out with their Christmas flavors,UNSUPPORTED
Can you see each other again?,UNSUPPORTED
Who made an event to climb in Squamish this summer?,UNSUPPORTED
When does Game of throwns return?,UNSUPPORTED
Show me a virtual tour of Dave's office.,UNSUPPORTED
What time will the game in the Meadowlands let out on Monday?,UNSUPPORTED
How many places were visited by mom and dad last 2 years?,UNSUPPORTED
best place to take the family this weekend,UNSUPPORTED
Who went to Susan's birthday party last week?,UNSUPPORTED
email me a reminder for my event monday at 7am,UNSUPPORTED
What kind of flowers did you plant?,UNSUPPORTED
I need a reservation at 8 pm for a 12 person dinner,UNSUPPORTED
Has Nate communicated with his sister since December of 2015?,UNSUPPORTED
Where is the Kogi Food Truck right now,UNSUPPORTED
What type of food should I make for Christmas,UNSUPPORTED
Where is a fun place to eat,UNSUPPORTED
What DJ available is available near me in 2 months,UNSUPPORTED
Give me directions to the Jazz Festival please,UNSUPPORTED
Looking for a cool place to hang out Friday night,UNSUPPORTED
is any restaurants in my neighborhood family friendly,UNSUPPORTED
What is required to obtain a driver licence at the age of 17 in Texas?,UNSUPPORTED
What was the year,UNSUPPORTED
Who is voted the best winery in Washington,UNSUPPORTED
family-friendly restaurants near Lincoln Park Zoo,UNSUPPORTED
Is there a dining venue on a boat on Lake Tahoe during the holidays,UNSUPPORTED
Is their an E-Sports Lounge with a Grill nearby,UNSUPPORTED
How many times has my father viewed the video he sent us?,UNSUPPORTED
which way is it to the theatre for the next movie,UNSUPPORTED
popular spots to propose,UNSUPPORTED
What are Jennifer's performance dates in May?,UNSUPPORTED
Are there any dance clubs in The Venetian,UNSUPPORTED
Complimentary coffee nearby,UNSUPPORTED
How long until Carol gets back to me?,UNSUPPORTED
Best microbrew in vancouver wa,UNSUPPORTED
Find helicopter flights in Maui in October,UNSUPPORTED
Which steakhouse in New York is the best one,UNSUPPORTED
Where people go to meet each other in New York,UNSUPPORTED
what time is the nest train to Memphis,UNSUPPORTED
Are there any drive-in movie theaters left in the state of Ohio that are open in the fall,UNSUPPORTED
What time does tomorrow's game start?,UNSUPPORTED
Kid friendly steak restaurants,UNSUPPORTED
Which among my friends is coming to my dad's birthday?,UNSUPPORTED
what is the best day to go out in los angeles,UNSUPPORTED
Has Kerry return from her 2 week vacation in Spain?,UNSUPPORTED
When does the ice skating rink open in Temecula for the holidays,UNSUPPORTED
Reservation for Friday 9pm at Ruth Chris Steakhouse in downtown Las Vegas,UNSUPPORTED
did christina porter from high school join my volleyball group yet?,UNSUPPORTED
Are there any child and pet friendly places to eat locally,UNSUPPORTED
Are there any amusement parks open this weekend,UNSUPPORTED
What is a popular place to get drinks near me,UNSUPPORTED
party bus available for a wedding,UNSUPPORTED
find pictures of my family with scarves,UNSUPPORTED
What was the day,UNSUPPORTED
Can you show me any of my friends that are following Daryl's band?,UNSUPPORTED
What is the go to place to visit in the Bahamas,UNSUPPORTED
Where have my sisters visited lately?,UNSUPPORTED
are there any arcades within 20 miles of 29720,UNSUPPORTED
Vegan restaurant near Orlando open today,UNSUPPORTED
Are any of my friends going to Disney World?,UNSUPPORTED
New stores opening within the next year in my area,UNSUPPORTED
Cable channels,UNSUPPORTED
What  address is Katie's gym?,UNSUPPORTED
Malls near El Paso that are closed,UNSUPPORTED
Buy tickets for ZooLights,UNSUPPORTED
When was the last time John went online?,UNSUPPORTED
Will it take longer to take the bus or bicycle to work this morning?,UNSUPPORTED
party planner available next month,UNSUPPORTED
Were any of my friends at the casino last week?,UNSUPPORTED
Which of my uncles was the only one able to attend my high school graduation?,UNSUPPORTED
Applebee's open after 11pm in Greenville,UNSUPPORTED
Calls for this afternoon,UNSUPPORTED
Best restaurants around please,UNSUPPORTED
Romantic restaurants on Lexington avenue,UNSUPPORTED
Doctor's office near me with a good rating,UNSUPPORTED
sports bars near me,UNSUPPORTED
Local museums near Branson,UNSUPPORTED
Grocery stores open late,UNSUPPORTED
I want to take a cruise to Bermuda from New York,UNSUPPORTED
what`s the best latte near me,UNSUPPORTED
best place to meet single guys near me,UNSUPPORTED
Toilet paper brands,UNSUPPORTED
Is the Pizza Hut on San Pedro street still open after midnight on Saturday nights,UNSUPPORTED
Next flight to Paris,UNSUPPORTED
How much are tickets to see U2 at the BOK,UNSUPPORTED
when does the east brunswick spray park open,UNSUPPORTED
best holiday shopping in new york,UNSUPPORTED
need the location for the friday cavs game at when is the quilting bee at the presbyterian church,UNSUPPORTED
"Restaurants in Orlando that cater, open weekends",UNSUPPORTED
Good pizza places in Philly,UNSUPPORTED
How does a school bus driver who drives more than one route not get  confused of where to go and drop kids off?,UNSUPPORTED
What is the most popular degree at Arizona State University this year?,UNSUPPORTED
popular music bar in Nashville,UNSUPPORTED
show me some special places for shopping,UNSUPPORTED
Where is she having her baby shower?,UNSUPPORTED
give me some info on museums,UNSUPPORTED
What are two centrally located cities of all my family where we could have a family reunion?,UNSUPPORTED
Places to eat sushi in Montana,UNSUPPORTED
What are the hours of High School in Fort Collins,UNSUPPORTED
Where is the oldest zoo in America that I can visit,UNSUPPORTED
What did Khloe say she wanted for her birthday last week,UNSUPPORTED
turn off my house heat,UNSUPPORTED
Where is the closest adult arcade,UNSUPPORTED
where can I taste whiskey in chicago,UNSUPPORTED
date night ideas for saturday,UNSUPPORTED
What museums are open,UNSUPPORTED
Where is the closest indoor waterpark near me that is open this month,UNSUPPORTED
BEST panorama view of the city,UNSUPPORTED
what is the forecast for manznita,UNSUPPORTED
Please send a Happy Birthday text to all my friends who have birthdays this week.,UNSUPPORTED
What hours is  Made Man Barber Shop open?,UNSUPPORTED
Where will tonight's event for the local FFA be located?,UNSUPPORTED
dog bars in charlotte NC,UNSUPPORTED
Best restaurants for date night on Saturday,UNSUPPORTED
"Comedy stores in Nashua, NH open this weekend",UNSUPPORTED
Will there be a white Christmas,UNSUPPORTED
How much is the bus in my hometown and where is the nearest stop?,UNSUPPORTED
Are any of my friends going to the Metallica concert in Orlando?,UNSUPPORTED
restaurants recommendation in springfield for next week,UNSUPPORTED
Where did I store all my photos of my second trip to London,UNSUPPORTED
What does my day look like,UNSUPPORTED
Are their any E-Sports bars near me that are open till midnight,UNSUPPORTED
Places to go by Christmas cards,UNSUPPORTED
Times the clubs close in San Francisco this weekend,UNSUPPORTED
Who has gone to my favorite restaurant,UNSUPPORTED
Any clubs that are open later than midnight in DC,UNSUPPORTED
play music for the concert tomorrow,UNSUPPORTED
Show me where my friends like to travel,UNSUPPORTED
what are some of the most popular places to hang out in my town,UNSUPPORTED
How old is my house on Holbrook Street,UNSUPPORTED
Need suggestions of places to go for John's birthday in November,UNSUPPORTED
Where did Linda vacation with her family last year?,UNSUPPORTED
I need to know if the high school James Madison is office is open at 8am on Monday,UNSUPPORTED
Did they cancel the Silver Alert,UNSUPPORTED
Was my cousin Carlton featured in the local news piece on that mass shooting?,UNSUPPORTED
Where in New York City can I get a diamond ring?,UNSUPPORTED
best place to eat a gyro near me,UNSUPPORTED
Recommendations for local restaurants with good ratings for tonight,UNSUPPORTED
sushi specials in town tonight,UNSUPPORTED
Find an Italian restaurant at Pikes Market Place that service spaghetti,UNSUPPORTED
The model casting call is too far from me,UNSUPPORTED
places to take my dog,UNSUPPORTED
How often does Kelly travel outside the US?,UNSUPPORTED
"What venues in Buffalo, NY will be hosting Halloween parties this weekend",UNSUPPORTED
Did I make note of my pay dates,UNSUPPORTED
what job would you love to have,UNSUPPORTED
How long was Eisenhower in office,UNSUPPORTED
what time do the farms open in Homestead,UNSUPPORTED
Can you help me report a driver next to me that is texting while driving,UNSUPPORTED
I'm looking for a favorite dessert recipe that uses cream cheese that my Grandma makes.,UNSUPPORTED
What color is the school building my sister goes to?,UNSUPPORTED
Where is the closest ER,UNSUPPORTED
Bars on Oahu,UNSUPPORTED
Places to eat,UNSUPPORTED
Redbox locations within 5 miles of Dallas,UNSUPPORTED
What time is mom coming home for dinner tonight?,UNSUPPORTED
Decorate your home for Christmas,UNSUPPORTED
Which clubs are having live music this weekend,UNSUPPORTED
Where can I find an event coordinator near wine country,UNSUPPORTED
pick your own Christmas tree near Park Ridge IL,UNSUPPORTED
Music stores in San Leandro,UNSUPPORTED
Key West night club closing times,UNSUPPORTED
Is my sister coming to the anniversary party this weekend?,UNSUPPORTED
Show me churches close to Terrance's house.,UNSUPPORTED
Is one of my friends going to Hawaii this summer?,UNSUPPORTED
Best places for Sunday brunch,UNSUPPORTED
What are the most popular clubs near me,UNSUPPORTED
when will I get the reports that were mailed today from Japan,UNSUPPORTED
What do my friends think about the college in Sheboygan?,UNSUPPORTED
Price of gas in Denton,UNSUPPORTED
nearest vegan caterer available as soon as possible,UNSUPPORTED
Best restaurant deals for tonight near me,UNSUPPORTED
Did Lisa go to Manhatten or Brooklyn this week?,UNSUPPORTED
What time is my sister's graduation ceremony?,UNSUPPORTED
Food in Lynchburg,UNSUPPORTED
Any dine in movie theaters in Brooklyn,UNSUPPORTED
What Facebook groups does my husband belong to?,UNSUPPORTED
Are there any museum near me,UNSUPPORTED
What state has the most traffic in world,UNSUPPORTED
When and where is my dog's vet appointment?,UNSUPPORTED
where can I lift weights in Las Vegas,UNSUPPORTED
When was the last Alumni newsletter sent,UNSUPPORTED
Are angels real,UNSUPPORTED
Is the skating rink open for the season,UNSUPPORTED
Are the retail stores open later during Christmas week in Manhattan,UNSUPPORTED
the best places to watch a night sky of O.C,UNSUPPORTED
Which countries did Maansi travel to after graduating from UCSC?,UNSUPPORTED
Ask Mom for the birthday cake recipe,UNSUPPORTED
hours that the museums are open,UNSUPPORTED
directions to church,UNSUPPORTED
what time should I call an uber if I need to be at the airport by 5pm?,UNSUPPORTED
What movie did Johnny take Sue to see this weekend?,UNSUPPORTED
What time does the next train leave for New York and how much does it cost?,UNSUPPORTED
What are some cities my friends have recently gone to?,UNSUPPORTED
Which car rental company does my family use the most for travel?,UNSUPPORTED
Where is the nightlife congregated at 1 am in Boston,UNSUPPORTED
museums near me,UNSUPPORTED
Where is a good place for my daughter to gymanstics and horseback riding lessons?,UNSUPPORTED
How much land do most own in Dracut,UNSUPPORTED
discounted fish stores in st louis,UNSUPPORTED
Are any restaurants in Chicago having specials for the holidays,UNSUPPORTED
Is it okay to take the kids to see Wicked,UNSUPPORTED
Is Pennypickles Workshop open at 9 a.m. on Saturdays,UNSUPPORTED
Show me how to put air in the tire?,UNSUPPORTED
What are the actual colors of the rainbow?,UNSUPPORTED
Which colleges have accepted  my Black friends for admission?,UNSUPPORTED
best place to eat soup,UNSUPPORTED
Where should I plan a getaway trip for 2 weeks,UNSUPPORTED
where can I find quick reservations for a restaurant in new york at dinner time,UNSUPPORTED
Who has the best margaritas in the Indianapolis,UNSUPPORTED
Who in my cruise group has responded that they want to go so far.,UNSUPPORTED
What places can I go for the most reasonable prices,UNSUPPORTED
At what time does the Getty Museum in Los Angeles opens this Saturday,UNSUPPORTED
What is the cheapest College in my District for Nursing?,UNSUPPORTED
Internet cafes open late in Bath Beach,UNSUPPORTED
Kids arcade to throw birthday parties on Wednesday night,UNSUPPORTED
Make a post to all my local social media friends to meet me at 7pm at Amigos for dinner tonight.,UNSUPPORTED
night club closing times in Miami,UNSUPPORTED
contact my family for our birthday party monday at 5,UNSUPPORTED
Best exercises to do,UNSUPPORTED
Duke basketball final 4 tickets for reserve March 2018,UNSUPPORTED
any events that my husband will like,UNSUPPORTED
Is there any kids friendly restaurant nearby,UNSUPPORTED
Where should I go on vacation,UNSUPPORTED
WHERE WAS OUR FAMILY REUNION IN 2003?,UNSUPPORTED
keep my schedule for the weekend open for games,UNSUPPORTED
Is there a farmer's market open after 2 PM on Saturdays,UNSUPPORTED
Which city do my friends went to last summer ?,UNSUPPORTED
Skating ring near me,UNSUPPORTED
What is the speed limit on Texas highways,UNSUPPORTED
Show me friends that attended a local festival.,UNSUPPORTED
how much are tickets to pitbull,UNSUPPORTED
what are the hours of yosake sushi happy hour in wilmington,UNSUPPORTED
When is Kelly's graduation party?,UNSUPPORTED
What is the last photo I was tagged in with my brother and his wife?,UNSUPPORTED
How many students are registered at the local college?,UNSUPPORTED
Who said they are going to the event at Pentangle?,UNSUPPORTED
Set a reminder for Emily's graduation,UNSUPPORTED
I want to know when I can get into the car wash this morning,UNSUPPORTED
What is the restaurant for Amy's event today?,UNSUPPORTED
Where to play putt putt golf in denver,UNSUPPORTED
"Next weekend I want to play miniature golf, locate",UNSUPPORTED
WHAT EVENT ARE MY COLLEGE FRIENDS GOING TO?,UNSUPPORTED
What Italian restaurants in the area have reservations available at 7 Pm tonight,UNSUPPORTED
Is the golf course still open,UNSUPPORTED
Did my dad schedule his yearly exam with his dermatologist,UNSUPPORTED
Is there a dentist open near me today,UNSUPPORTED
Where can I go sing Karaoke,UNSUPPORTED
list movie theatres with long line wait time and how long is it,UNSUPPORTED
Christmas tree lots near me,UNSUPPORTED
What is a recipe for pad thai?,UNSUPPORTED
New stores in town,UNSUPPORTED
How far does Mom live from Aunt Marie?,UNSUPPORTED
What about a nice boat ride in Dana Point,UNSUPPORTED
Where can I find wide with blue strappy heels in Seattle,UNSUPPORTED
Where is the strike?,UNSUPPORTED
When does my English study group meet?,UNSUPPORTED
Where should I make dinner reservations in the city tonight,UNSUPPORTED
Good salons not too far from my home,UNSUPPORTED
Does the Walmart in Plymouth close for Christmas,UNSUPPORTED
Are there any wineries within 100 miles,UNSUPPORTED
What clubs are still around from college,UNSUPPORTED
Is Amazon warehouse hiring?,UNSUPPORTED
best place to nit,UNSUPPORTED
Best club in Boston,UNSUPPORTED
did Earl order cookies from me last year,UNSUPPORTED
How many patents came out of my high school graduating class?,UNSUPPORTED
when is the best time to go to the Zoo in San Diego,UNSUPPORTED
Places to eat near me,UNSUPPORTED
which day is best to go to downtown orlando,UNSUPPORTED
Event halls open for 9pm tonight,UNSUPPORTED
Hours for Disney World this weekend,UNSUPPORTED
what is the best way to get in touch with all my friends to organize my Alumni meet.,UNSUPPORTED
Can you call Kenny?,UNSUPPORTED
What movie theaters have matinee pricing,UNSUPPORTED
Where is the farthest place in the world anyone in my veterinary class has traveled on vacation?,UNSUPPORTED
Any pet friendly hotels in the area of St Augustine,UNSUPPORTED
Where are the nearest wineries within 25 miles of me,UNSUPPORTED
Where is the closest butcher within 10 miles from me,UNSUPPORTED
Is there a traffic app I can download,UNSUPPORTED
Is it too late to take ballet classes,UNSUPPORTED
On 43rd Street Saturday 22nd of March at 3 p.m. for band practice,UNSUPPORTED
which friend has commented the most on my pictures,UNSUPPORTED
Best restaurants with Live music in LA,UNSUPPORTED
best place to have a rueben,UNSUPPORTED
"Piano Bars in Lynchburg, Va",UNSUPPORTED
How have you been my friend,UNSUPPORTED
"What does the phrase mean """"""""It's raining cats and dogs?",UNSUPPORTED
fast food open late,UNSUPPORTED
where can I go to see a Picasso exhibit,UNSUPPORTED
#1 nightclub in downtown Manhattan,UNSUPPORTED
Give me movie recommendations,UNSUPPORTED
Did any of my friends check into the theater yet?,UNSUPPORTED
What are your plans for this evening with Jill,UNSUPPORTED
Read me any texts I got from Bill today.,UNSUPPORTED
Places to go by presents,UNSUPPORTED
What is the distance to the sun,UNSUPPORTED
Is my sister going to the theater tonight?,UNSUPPORTED
Is the Alamo still in its original location or was it ever moved,UNSUPPORTED
WHAT TIME DOES THE MALL OPEN THIS WEEKEND,UNSUPPORTED
What stores are on open on Christmas Eve,UNSUPPORTED
do you like school,UNSUPPORTED
How many of my friends attend church on Sundays?,UNSUPPORTED
Have any of my friends watched movies lately?,UNSUPPORTED
Where can I find good sneakers in New York,UNSUPPORTED
Do I need a reservation to dine at Ninfa's in Houston on Canal St,UNSUPPORTED
tourist destinations in El Paso in Decemeber,UNSUPPORTED
Is there an E-Sports Lounge with a Bar near me,UNSUPPORTED
any kid friendly restaurants for breakfast tomorrow,UNSUPPORTED
Who wished me happy birthday last year?,UNSUPPORTED
Can I get a degree in physics from Capella University and how much does it cost?,UNSUPPORTED
Daytime nightclubs near me,UNSUPPORTED
"Tonight I want to go roller skating, is anywhere open",UNSUPPORTED
When is the ski trip with our friends Joe and Christina?,UNSUPPORTED
Where is the closest place I can have lunch,UNSUPPORTED
Where to get great Chinese food,UNSUPPORTED
Has Tim ever been to my favorite mexican restaurant?,UNSUPPORTED
When the Red Wings play their next game at Joe Louis Arena,UNSUPPORTED
"car drives 30 miles per hour for 2 hours, how far has it driven",UNSUPPORTED
what is the best diet for a diabetic?,UNSUPPORTED
Good places to go in Atlanta tonight,UNSUPPORTED
MDOT traffic app,UNSUPPORTED
Is their an E-Sports Lounge near me,UNSUPPORTED
How many countries are there in the United states?,UNSUPPORTED
how many days am I scheduled to work this month?,UNSUPPORTED
Show me children's museums near san diego,UNSUPPORTED
text,UNSUPPORTED
what are the thursday specials at the localdenny's,UNSUPPORTED
What holiday coffees are available at my local Starbucks this week,UNSUPPORTED
Dinner reservations at Marcos saturday night at 8,UNSUPPORTED
Any bars to hit up in Brentwood on Wed,UNSUPPORTED
How many hours of your life you lose in traffic,UNSUPPORTED
What is the average life expectancy of a cat?,UNSUPPORTED
Is  Gordon Ramsay restaurant open next month,UNSUPPORTED
how many inches of snow will Denver get normally,UNSUPPORTED
list the newest restaurants in Portland Oregon,UNSUPPORTED
Disney rides,UNSUPPORTED
Which,UNSUPPORTED
What time does my friend Jeff get off work?,UNSUPPORTED
What day do I have to pay for my classes?,UNSUPPORTED
Car dealerships having sales this weekend,UNSUPPORTED
What restaurants are nearby for me to eat at tonight,UNSUPPORTED
Can you alert me when traffic dies down,UNSUPPORTED
Mexican restaurants to eat in Los Angeles tonight,UNSUPPORTED
Which state parks will be open on Sunday,UNSUPPORTED
Valentines day restaurant suggestions,UNSUPPORTED
"I want to watch """"Dr. Zhivago",UNSUPPORTED
Black owned carpet cleaning companies,UNSUPPORTED
24 hour Plumbers near Houston,UNSUPPORTED
mcdonalds phone number,UNSUPPORTED
How do you say where is the bathroom in Spanish?,UNSUPPORTED
Can you show me my recent comments,UNSUPPORTED
What is my oldest son's girlfriend's dress size?,UNSUPPORTED
recommendation for discounted wine purchase in peoria,UNSUPPORTED
What year was the white house built?,UNSUPPORTED
Local events halls that have their own dj,UNSUPPORTED
Where can I ice skate,UNSUPPORTED
Where to hike near me,UNSUPPORTED
Places to ride go carts in denver,UNSUPPORTED
How far away is the moon,UNSUPPORTED
Carpet solution for hoover vacuums,UNSUPPORTED
Nail salons open near Vancouver tomorrow at 9am,UNSUPPORTED
Does the spa close by 10pm,UNSUPPORTED
Where can we find Christmas tree decorations to make ourselves,UNSUPPORTED
what is 11 pm in military time,UNSUPPORTED
which restaurant near me has the best sushi special tonight,UNSUPPORTED
Where is the most favorable restaurant that my friends and relatives frequently like to dine at?,UNSUPPORTED
What pet friendly restaurants are located in Baltimore's Inner Harbor?,UNSUPPORTED
places to visit in Boston,UNSUPPORTED
When was the last time Angie posted something,UNSUPPORTED
What is Nashville's best kid friendly restaurant,UNSUPPORTED
Are any of my girlfriends attending events for toddlers this month?,UNSUPPORTED
Places to eat in Beverly Hills tonight,UNSUPPORTED
Which restaurant in DC has the most impressive wine list,UNSUPPORTED
How much will college cost for my son?,UNSUPPORTED
What's the cheapest event planner near me for next month,UNSUPPORTED
Best Dollar General deals for my local Dollar General,UNSUPPORTED
new restaurants downtown,UNSUPPORTED
How does Bridget make her colcannon?,UNSUPPORTED
nightclubs in Miami with best reviews to visit tomorrow night,UNSUPPORTED
Castles near me,UNSUPPORTED
Who was my last text to,UNSUPPORTED
What charities can our family help out at this month for the holidays,UNSUPPORTED
When was the last family reunion and where was it?,UNSUPPORTED
Party planner near me that can do tropical themed weddings,UNSUPPORTED
Tarot readings affordable,UNSUPPORTED
When is Suzanne's next Weavelife weaving show at Liberty Station?,UNSUPPORTED
Top glamping locations,UNSUPPORTED
Can I make a reservation for Outback Steakhouse near me,UNSUPPORTED
Is Vanessa available for lunch tomorrow?,UNSUPPORTED
How many interstates are there in the United States,UNSUPPORTED
Find a Nuevo art gallery close by,UNSUPPORTED
Will there be another world war?,UNSUPPORTED
What is the name of the new song by sza just released last month,UNSUPPORTED
5 star restaurants accepting reservations for Valentine's day,UNSUPPORTED
When do the apple orchards close in Lancaster,UNSUPPORTED
What's your favorite plant,UNSUPPORTED
Contact my Uncle.,UNSUPPORTED
Where can I find a good head shop in Denver,UNSUPPORTED
event planner for a dogs birthday,UNSUPPORTED
Can I sell my car on Facebook?,UNSUPPORTED
Give me a list of all the nearest pie shops in my area.,UNSUPPORTED
Next Saturday I need to go to Sacramento any goo restaurants there,UNSUPPORTED
Clubs in Savannah,UNSUPPORTED
How far is Numbers from me,UNSUPPORTED
Where can I get a live Christmas tree,UNSUPPORTED
Where can I get turtle food?,UNSUPPORTED
Which post office in Los Angeles is open on Christmas Day,UNSUPPORTED
Where is a good place to go for coffee in North Carolina during the weekday,UNSUPPORTED
who did i go play paintball with last saturday,UNSUPPORTED
how many of my friends are going to the high school reunion?,UNSUPPORTED
Best Caribbean restaurants near Montreal,UNSUPPORTED
when is burning man,UNSUPPORTED
List Christmas tree farms for Ira Township,UNSUPPORTED
Why did Shane cancel his job interview Monday?,UNSUPPORTED
What time does the nearest parking garage close,UNSUPPORTED
Poutine is my favorite food ever and I've heard they have some great poutine in Vancouver where I'll be staying with my sister on Wednesday. Whats the best poutine spot there,UNSUPPORTED
How many miles do I need to walk to hit 10 000 steps,UNSUPPORTED
Museums near Atlanta,UNSUPPORTED
when is my high school reunion?,UNSUPPORTED
Are there any new restaurants in Kirksville,UNSUPPORTED
Best place to hear jazz in New York,UNSUPPORTED
When is my brother in laws surgery day?,UNSUPPORTED
Any parks near Fillmore that offer sledding on Saturday,UNSUPPORTED
Places to eat in Austin in July,UNSUPPORTED
Where should I hang out tonight,UNSUPPORTED
Are aliens real,UNSUPPORTED
when is taco bell closing tonight,UNSUPPORTED
email my friends my event this for this week by 4pm today,UNSUPPORTED
Which restaurants are open near me on New Years Eve,UNSUPPORTED
Bell ringers outside Walmart this week,UNSUPPORTED
How many 3 bedroomhomes are for sale in the San Antonio neighborhood of Steubing Ranch today,UNSUPPORTED
Places to eat in Santa Monica tonight,UNSUPPORTED
Will Glenn be able to take good pictures of Sandy?,UNSUPPORTED
Where did Randall going camping last year?,UNSUPPORTED
who in charge of first Friday ART SHOW,UNSUPPORTED
What are the best schools to attend in India's Neighborhood?,UNSUPPORTED
can you tell me if there is ice on my mother's house 5 pm?,UNSUPPORTED
Are there any quiet restaurants in Houston on the weekends,UNSUPPORTED
When did Bailey start driving to New Mexico?,UNSUPPORTED
What time does my mom's flight arrive today?,UNSUPPORTED
What is the cost of available tickets for the concert tonight at the Dayton Convention center this weekend,UNSUPPORTED
Where is TSU located in which state?,UNSUPPORTED
Is rush hour really an hour,UNSUPPORTED
What time is my brother's doctor appointment?,UNSUPPORTED
"Museums in Greenville, SC open on Saturday",UNSUPPORTED
Where can my husband go to get a good tattoo,UNSUPPORTED
Treebeard's holiday menu downtown location,UNSUPPORTED
Is the mexican grill opened tomorrow at 7:30p,UNSUPPORTED
Where are the best gas prices today?,UNSUPPORTED
How many Libras desire a career change?,UNSUPPORTED
Where can I eat Thai food on Christmas Day,UNSUPPORTED
I need a family friendly restaurant in Boston,UNSUPPORTED
How many of my friends are attending events in Rome,UNSUPPORTED
Which clubs serve free alcohol near me,UNSUPPORTED
Who do I know who also follows makeup bloggers on Instagram?,UNSUPPORTED
What are some cool museums on a friday in Seattle,UNSUPPORTED
When is my high school  reunion?,UNSUPPORTED
Nail salons in New Orleans open on the weekend,UNSUPPORTED
WalMarts open after midnight that have a bank near me,UNSUPPORTED
What kind of movies is most popular at AMC Theater in Colorado,UNSUPPORTED
fun bars in Chicago near Wicker Park,UNSUPPORTED
Does my cousin have a baby shower next month?,UNSUPPORTED
How does one successfully remove wrinkles?,UNSUPPORTED
When does Christmas break start for the local schools,UNSUPPORTED
What are some places to go on a date tonight around 9,UNSUPPORTED
Where to go shopping in Austin this week,UNSUPPORTED
What is the closest theater to me,UNSUPPORTED
Holiday music venues for tomorrow,UNSUPPORTED
"Is the Gulfarium closed for Christmas and if so, when will it reopen",UNSUPPORTED
Do I live near any movie theatres?,UNSUPPORTED
When was the last time you cried,UNSUPPORTED
To pick up dates for Salvation Army today,UNSUPPORTED
Florida bowling alleys open until 11pm,UNSUPPORTED
Places near me that can do an outdoor wedding,UNSUPPORTED
Are there any dinner theaters in the Seattle area,UNSUPPORTED
any hiking trail close by,UNSUPPORTED
Do you have a list of events happening near me with spots still available,UNSUPPORTED
What is the flea market that dad checked in to last weekend,UNSUPPORTED
Movies times near Marilyn's house,UNSUPPORTED
What do I need to do to get my teeth to be water,UNSUPPORTED
How cold will it be on my drive home from work tonight,UNSUPPORTED
Where is the closet Kroger to me located,UNSUPPORTED
Which restaurants are open on Christmas day in Honolulu,UNSUPPORTED
Best restaurant in Chicago,UNSUPPORTED
Where is the closest oral surgeon?,UNSUPPORTED
Any libraries open on the weekend in Hayward,UNSUPPORTED
where can I take my parents to dinner,UNSUPPORTED
Where's the best crawfish in New Orleans?,UNSUPPORTED
where could I get something for my mom,UNSUPPORTED
Most popular night clubs in San Antonio,UNSUPPORTED
What is your main career goal?,UNSUPPORTED
How has the opioid addiction effected Middlesex county in Massachusetts?,UNSUPPORTED
Is there a new hot spot in town,UNSUPPORTED
Are all schools closed for the Winter Festival and when do they reopen,UNSUPPORTED
Best honky tink bar in Nashville,UNSUPPORTED
Sundays are really fun day to wallk in lights,UNSUPPORTED
can I get Mexican food now,UNSUPPORTED
What kind of food is within a half mile of here,UNSUPPORTED
Driving range near me,UNSUPPORTED
"party planner available in Destin, FL in 2 weeks",UNSUPPORTED
who from my tennis group signed up to go the tennis event in Palm Springs that Jill organized?,UNSUPPORTED
Is Six Flags open this weekend,UNSUPPORTED
Find me some trampoline parks within an hour of Dover that I can take the kids to,UNSUPPORTED
Who would you like to move to a new place with?,UNSUPPORTED
Where is the nearest beach,UNSUPPORTED
What states has Diana visited this year?,UNSUPPORTED
Where can I eat Thai food in Burbank tonight,UNSUPPORTED
theme park hours,UNSUPPORTED
Was the event at Tessies canceled?  I can't find it in my event listing,UNSUPPORTED
40th birthday party planner,UNSUPPORTED
The Bluegrass club is crowded,UNSUPPORTED
Men's clothing stores in Houston,UNSUPPORTED
How much are tickets to tomorrow night's concert at the convention center,UNSUPPORTED
elegant party planner for an outdoor wedding,UNSUPPORTED
What is the new song out by Damian Marley,UNSUPPORTED
Which famous person would you like to be BFFs with,UNSUPPORTED
Give me a list of bars this weekend showing the big game,UNSUPPORTED
what fb groups is sarah a part of?,UNSUPPORTED
Show me pending friend requests from my coworkers.,UNSUPPORTED
Anniversary ideas,UNSUPPORTED
How to remove pimples,UNSUPPORTED
how much cash do I have in my wallet,UNSUPPORTED
Is Suzy Q's birthday party this weekend?,UNSUPPORTED
Price of lemons,UNSUPPORTED
where is the closest starbuck,UNSUPPORTED
When is the next homeland security training?,UNSUPPORTED
What bestselling book is out this week,UNSUPPORTED
Review the menu items for our potluck this Sunday,UNSUPPORTED
Which friend will take my place when I reschedule my hair appointment?,UNSUPPORTED
Any good wine bars in Amsterdam for tomorrow night,UNSUPPORTED
What are some special deals for round trip airlines to Puerto Rico,UNSUPPORTED
what time does the concert start at the Walmart amp today,UNSUPPORTED
Apple Patch near me with kids,UNSUPPORTED
Are any of my friends from high school going to the event this weekend?,UNSUPPORTED
Where is a good place to have a kid's birthday party in Chicago in the summer,UNSUPPORTED
What are the best site seeing places available in Paris tomorrow,UNSUPPORTED
When is the earliest the clubs open in Las Vegas,UNSUPPORTED
Is Daniela art performance next week ?,UNSUPPORTED
birthday ideas happening next week,UNSUPPORTED
How many photos has my mom been tagged in this month?,UNSUPPORTED
Show me friends from my social club who attended the Women's march.,UNSUPPORTED
party planner available tomorrow at 7 near me,UNSUPPORTED
play some music,UNSUPPORTED
show me darlene's skinny beach mom work outs,UNSUPPORTED
what restaurants stay open late near my office,UNSUPPORTED
Are you happy?,UNSUPPORTED
Is the new outdoor skating rink open,UNSUPPORTED
When does the Mardi Gras parade finally reach Bourbon St?,UNSUPPORTED
What year is my highschool reunion?,UNSUPPORTED
Where can I donate to charity on Christmas eve,UNSUPPORTED
When did I talk to you last,UNSUPPORTED
Give me information on theatres near me,UNSUPPORTED
Does Memorial weekend fall on the same weekend as my daughter's birthday?,UNSUPPORTED
Event halls for little people,UNSUPPORTED
Where do the most people eat near where I live?,UNSUPPORTED
Have any of my friends been to Israel?,UNSUPPORTED
On average,UNSUPPORTED
Any museums recently visited by my friends?,UNSUPPORTED
Who has the cheapest food next to the concert arena,UNSUPPORTED
When is the next event my friends are interested in going to in Boston?,UNSUPPORTED
What time does the closest club to me open,UNSUPPORTED
Name some clubs in LA,UNSUPPORTED
24 hour gyms that offer day passes,UNSUPPORTED
email my event list to my friends,UNSUPPORTED
"I want to go to a bar after the Colts game, where would you recommend",UNSUPPORTED
Is the mall open tonight,UNSUPPORTED
What is the best rated sushi place near me,UNSUPPORTED
Cool places to eat around Miami,UNSUPPORTED
are there jazz clubs near me,UNSUPPORTED
Best place to eat at,UNSUPPORTED
zagat rated in theater district,UNSUPPORTED
Is there a health food store near me?,UNSUPPORTED
clubs that are open after midnight tonight,UNSUPPORTED
Highest driving speed in USA,UNSUPPORTED
Safe running trails,UNSUPPORTED
Places to order food in Greenville after midnight,UNSUPPORTED
Find me a mermaid party planner,UNSUPPORTED
what time does santa's village open this weekend,UNSUPPORTED
Where  can I get food after 8 PM in Paris,UNSUPPORTED
Was anyone on my friends list traveling home for Thanksgiving or Christmas Break?,UNSUPPORTED
Is there an E-Sports Lounge in my area,UNSUPPORTED
When is Tish's wedding?,UNSUPPORTED
When was the last time my Dad went to the casino?,UNSUPPORTED
Mall of America holiday hours,UNSUPPORTED
Is Dennis still attending his appointment in Pittsburgh on Thursday?,UNSUPPORTED
Grocery stores near Miami,UNSUPPORTED
Are there any trampoline parks that will be open on Christmas Day,UNSUPPORTED
What is more popular in Lowell,UNSUPPORTED
"Lowest gas prices right now, near me",UNSUPPORTED
Where to find a kayak in Lahaina,UNSUPPORTED
casinos with free parking in Henderson,UNSUPPORTED
Ice skating rinks in Washington D.C,UNSUPPORTED
Where do people my mom's age go for fun in Tallahassee Georgia?,UNSUPPORTED
who has the best bloody mary special for sunday brunch,UNSUPPORTED
Is my 1970 USCG boot camp in Cape May,UNSUPPORTED
Is my father coming next week,UNSUPPORTED
Which of my friends are going to the Kenney Chesney concert?,UNSUPPORTED
When is the best time to go visit my friend?,UNSUPPORTED
What is the best Italian restaurant in Boston,UNSUPPORTED
Which restaurants do my family frequently eat at?,UNSUPPORTED
valentines day dinner restaurants,UNSUPPORTED
Are there any reservations available at Indian restaurants within 20 miles of here,UNSUPPORTED
What time does the Oakland zoo open on a weekend,UNSUPPORTED
Where are the best hiking areas nearby,UNSUPPORTED
Where would be a good educational place to take my children,UNSUPPORTED
Show traffic cams of route 84 in hartford now.,UNSUPPORTED
walmart customers service,UNSUPPORTED
Wake me up everyday except Wednesday this week at 8,UNSUPPORTED
summer or spring,UNSUPPORTED
dance clubs near me,UNSUPPORTED
Spa packages in Philly,UNSUPPORTED
Where do forty year olds like to hang out around my location,UNSUPPORTED
whats the total distance between moon and earth,UNSUPPORTED
"Thai restaurants open on Sunday in Greer, SC",UNSUPPORTED
airplane tickets to Honduras for next week,UNSUPPORTED
Would I rather be in the city or country?,UNSUPPORTED
Best hotels in Nebraska that are available tomorrow,UNSUPPORTED
Which sport events are going to have in Houston?,UNSUPPORTED
How late is In and Out on 5th street open until,UNSUPPORTED
"Have order ready for 4:00 pm, delivered to Capien Hills Apartments in Howard County.",UNSUPPORTED
Pizzerias open in Manhattan at 1am tonight,UNSUPPORTED
Does the Truckee Ice Rink rent ice skates this weekend,UNSUPPORTED
What time is my daughter's doctor's visit?,UNSUPPORTED
Where to buy fresh Christmas tree in Ft Lauderdale,UNSUPPORTED
Cut your own tree farms in hillsboro oregon open tonight,UNSUPPORTED
Who all says they are going to concerts this month?,UNSUPPORTED
Any chances of weather change during my driving?,UNSUPPORTED
Is the Coachland Dog Park open every day,UNSUPPORTED
can I get a menu for the chinese food place,UNSUPPORTED
What's traffic like on my way home?,UNSUPPORTED
how do I find a simply tasteful rep,UNSUPPORTED
any hotels with reasonable rates,UNSUPPORTED
Does Tina need extra help at The Diner next week?,UNSUPPORTED
Where can I go to pick out a Christmas tree that I can cut down myself,UNSUPPORTED
What is the average age for someone to retire from the government?,UNSUPPORTED
What are the most popular restaurants in Long Beach with my friends?,UNSUPPORTED
Art galleries in Dallas open after 8 pm,UNSUPPORTED
Where is the closest Santa's Village to me next week,UNSUPPORTED
"Are there any nightclubs in Manchester, NH that are open on a Sunday night",UNSUPPORTED
I need a romantic restaurant for my one year anniversary next Friday,UNSUPPORTED
Where is a good museum to go to in New York Christmas weekend,UNSUPPORTED
Is there a reenactment taking place next weekend at Washington's crossing?,UNSUPPORTED
Times the clubs open in San Jose tonight,UNSUPPORTED
Pumpkin carving farms near me,UNSUPPORTED
Where do my friends order pizza from?,UNSUPPORTED
have the games for next month on standby,UNSUPPORTED
How many of my dog sledding friends are doing the Iditarod this year?,UNSUPPORTED
food near me,UNSUPPORTED
Election news from Honduras,UNSUPPORTED
who is attending bike night,UNSUPPORTED
What time is it in New York City right now?,UNSUPPORTED
zagat rated dessert places in brooklyn,UNSUPPORTED
Where can I get a good drink,UNSUPPORTED
Places to eat in West Hollywood tonight,UNSUPPORTED
Mall hours during this month near Atlanta,UNSUPPORTED
When was the last time Catherine wrote something on her mother's profile?,UNSUPPORTED
how can I get cheap tickets for  art events,UNSUPPORTED
What event coordinators are near wine country,UNSUPPORTED
what are popular restaurants in Newport please,UNSUPPORTED
best place to go and have breakfast near me,UNSUPPORTED
where is the next turn off the highway now,UNSUPPORTED
How do you make eggs,UNSUPPORTED
Gas stations with showers on I85 open after midnight,UNSUPPORTED
do you like kids,UNSUPPORTED
Where's a good place to go grocery shopping,UNSUPPORTED
Ice skate rink hours  for Sunday December 9th,UNSUPPORTED
When did Craig check in at the Dairy queen?,UNSUPPORTED
Can my girlfriend come to the mall with me tonight?,UNSUPPORTED
play the songs for moenia at 8 am to wake me up,UNSUPPORTED
list the best places to view christmas lights near tuscaloosa this weekend,UNSUPPORTED
San Diego clubs that are open right now,UNSUPPORTED
How many of my friends are meeting up at Starbucks,UNSUPPORTED
Museums near me,UNSUPPORTED
How many kids are graduating from Grayslake North in May?,UNSUPPORTED
give me a good idea for something to do with my boyfriend,UNSUPPORTED
Near by Bars,UNSUPPORTED
places to go on a date in durham,UNSUPPORTED
How many of my friends have been to Los Angeles?,UNSUPPORTED
Where can I find the nearest Metro Bus stop,UNSUPPORTED
coffee shop near me opening within a month,UNSUPPORTED
rooftop bars still open in winter,UNSUPPORTED
Where is the nearest lake,UNSUPPORTED
Are any new local stores opening this week,UNSUPPORTED
restaurants with discount in peoria this weekend,UNSUPPORTED
What clubs are open tonight,UNSUPPORTED
Where is the nearest auto repair shop to David's house?,UNSUPPORTED
I want to watch home alone,UNSUPPORTED
Where is the best mall nearby,UNSUPPORTED
Is my daughter's 5th grade class doing the fundraiser this year?,UNSUPPORTED
best sushi places on oahu,UNSUPPORTED
What beaches on the Connecticut shore have bathrooms and a place to buy food,UNSUPPORTED
What Time does Taco bell Open Near me,UNSUPPORTED
Is the school district in Clastop County rated better than the schools in Lincoln County?,UNSUPPORTED
Seafood restaurants  in Alpharetta,UNSUPPORTED
Looking for a nice place to take David for dinner this weekend in Clearwater Beach,UNSUPPORTED
Where is a BBQ restaurant in Portland please,UNSUPPORTED
Any children's play centers near me open this weekend,UNSUPPORTED
Where is the nearest CVS?,UNSUPPORTED
What time will Publix in my area close on Christmas Eve,UNSUPPORTED
What is the best sushi spot,UNSUPPORTED
What weather is predicted for the rest of the week,UNSUPPORTED
How many of my college friends still attend homecoming in Tallahassee?,UNSUPPORTED
What is the best Mexican restaurant for a budget in Amarillo,UNSUPPORTED
Are an movie theatres open on Thanksgiving day,UNSUPPORTED
Need a Kosher Vegan place open on Sundays,UNSUPPORTED
"Cozy, intimate restaurants in New York City",UNSUPPORTED
Does Roger have the iPhone or Android,UNSUPPORTED
Are there any camping sites near Philadelphia,UNSUPPORTED
How many inches of snow did we get last week?,UNSUPPORTED
Open art galleries near me in near future,UNSUPPORTED
Where should I go tonight if I want good food and music,UNSUPPORTED
Is there a sushi place open at this time,UNSUPPORTED
Store hours to H&M in New York City,UNSUPPORTED
Toy stores with American Girl Dolls near me,UNSUPPORTED
"nearest catering service to Fairmont, wv",UNSUPPORTED
What are the exact directions from Youngstown NY to New Mexico and back?,UNSUPPORTED
When was my Dad's last hip surgery done?,UNSUPPORTED
Do you know the best company to work for in SF that my friends work at?,UNSUPPORTED
What spices are used in both Japanese and Mexican cooking?,UNSUPPORTED
Which restaurants are my friends tending to eat at the most?,UNSUPPORTED
when can i refill my air filter in my house,UNSUPPORTED
Locations near Central Jersey collecting cold weather gear the month of December,UNSUPPORTED
Movie theaters showing Rocky Horror this weekend,UNSUPPORTED
Who has watched the latest super hero movie,UNSUPPORTED
"Tomorrow Evening, 3 star dinner places",UNSUPPORTED
What are the best artists to book Hard Rock Cafe,UNSUPPORTED
Best place to eat a gyro,UNSUPPORTED
I will be visiting Minnesota,UNSUPPORTED
Where is the best place to go for fun on Christmas Eve in California,UNSUPPORTED
places to see around el paso,UNSUPPORTED
"Are there any comedy stores in Manchester, NH open tonight",UNSUPPORTED
top restaurants in Manhattan,UNSUPPORTED
Which of my friends have traveled to Europe?,UNSUPPORTED
How have you been,UNSUPPORTED
what time does the metrolink pick up during the holiday events this weekend,UNSUPPORTED
Best winery in Colorado,UNSUPPORTED
Do they have snow sleds at Ober Gatlinburg in Tennessee,UNSUPPORTED
italian Food in Mililani,UNSUPPORTED
Family friendly bars near me,UNSUPPORTED
What time does the sun rise today,UNSUPPORTED
Where can I rent a boat on Erie Lake?,UNSUPPORTED
can i have a hug,UNSUPPORTED
what days does Goodwill have deals,UNSUPPORTED
Which day of the week we always have dinner at my grandma Ilka?,UNSUPPORTED
Where is the Bahamas,UNSUPPORTED
Does Walmart have the new drone that's in their sales paper in Jasper Alabama,UNSUPPORTED
Do you know far my friend Marie lives from me?,UNSUPPORTED
How much are plane tickets to that city,UNSUPPORTED
facebook my events list to my family,UNSUPPORTED
When did my bingo buddy go to Italy,UNSUPPORTED
Is there an acoustic concert tonight at the vault?,UNSUPPORTED
my battery died,UNSUPPORTED
Birthday party planners next week in London,UNSUPPORTED
Closest mini golf course,UNSUPPORTED
Road Trip Itineries to Canada,UNSUPPORTED
Are there any family friendly casinos in Las Vegas,UNSUPPORTED
Is there a pub in Houston serving mulled wine for the holidays,UNSUPPORTED
What is the name of the Cedartown High School mascot?,UNSUPPORTED
Where is the nearest dentist here in San Antonio that is open till 10pm on a Saturday,UNSUPPORTED
Where is a good steak house near me,UNSUPPORTED
please turn on mt playlist,UNSUPPORTED
Places Li has been near me,UNSUPPORTED
Dog park closest to me,UNSUPPORTED
Any hotels left in vegas for new years eve,UNSUPPORTED
fancy restaurants in Olean NY,UNSUPPORTED
Call 911,UNSUPPORTED
Karaoke clubs open on weekends in Tyler,UNSUPPORTED
Are there any sports bars open tonight past 10 pm,UNSUPPORTED
When does the ice skating rink open downtown,UNSUPPORTED
what restaurants are open on Christmas around here,UNSUPPORTED
What show is delta playing on their planes this week,UNSUPPORTED
How many hours is Brooklyn,UNSUPPORTED
Where is a close mexican restaurant in Portland,UNSUPPORTED
What countries do friends my age visit?,UNSUPPORTED
When does Rick go rock fishing in Virginia?,UNSUPPORTED
How many of my friends have attended a Furry convention?,UNSUPPORTED
Which of my friends go to the red bulls games?,UNSUPPORTED
Suggestions for a good Tappas place that's not too far,UNSUPPORTED
Where is bubbas ice cream,UNSUPPORTED
When did breastfeeding become a popular feeding source for babies?,UNSUPPORTED
are tickets still available to Alton Brown in Indianapolis,UNSUPPORTED
Cruises from California for January,UNSUPPORTED
late-night bars Chicago north shore,UNSUPPORTED
Is Becky going to the Journey Concert in Michigan or Ohio?,UNSUPPORTED
When does Samuel start soccer?,UNSUPPORTED
Where to eat in Hollywood tonight,UNSUPPORTED
how far is it from Sally job from here?,UNSUPPORTED
directions to Superdome in New Orleans,UNSUPPORTED
what are the top places to eat in dallas texas,UNSUPPORTED
Where are the best apple pies made in Blakely,UNSUPPORTED
Does my boy Walter work at Milo's today,UNSUPPORTED
I need David to pick me up on his way to work tomorrow morning - please send him directions that pass my apartment.,UNSUPPORTED
I bought a new car,UNSUPPORTED
On any given week,UNSUPPORTED
I am bringing four platters of food,UNSUPPORTED
What restaurants are having speed dating in Greenville,UNSUPPORTED
Show me how many days until Holloween.,UNSUPPORTED
Directions to the die antword concert in Portland Oregon,UNSUPPORTED
Best winery to visit in ridgefield,UNSUPPORTED
Can you tell me what,UNSUPPORTED
Birthday party rentals,UNSUPPORTED
Can you find me a club with a live DJ this weekend in Philadelphia,UNSUPPORTED
Will it be beach weather this weekend,UNSUPPORTED
what are the requirements do join in amazon as qa,UNSUPPORTED
Can you recommend some great bars for me that are known for their parties,UNSUPPORTED
Where did the Vietnamese war ended?,UNSUPPORTED
family restaurants near brookfield zoo,UNSUPPORTED
can you turn on the light in the kitchen,UNSUPPORTED
Who posted on the franklin flea market cite?,UNSUPPORTED
What bars are open until 3 AM in Fort Meyers tonight,UNSUPPORTED
Locate the hottest nightclub in Miami for me,UNSUPPORTED
Where to have a party for my child,UNSUPPORTED
Where did I go for the vacation lately?,UNSUPPORTED
restaurants near the Chicago Theater,UNSUPPORTED
send out an email to family for next weeks events,UNSUPPORTED
Has my aunt Carol made it home yet from London?,UNSUPPORTED
Prices of gas near Dallas,UNSUPPORTED
what is firework for,UNSUPPORTED
best place to club in town,UNSUPPORTED
I need to find the best street directions to the market this Friday,UNSUPPORTED
Which of my friends are likely to go to the Pens game tomorrow?,UNSUPPORTED
Times to visit the parks in Jacksonville day time,UNSUPPORTED
How many restaurants at opryland hotel,UNSUPPORTED
Where can I go sleding,UNSUPPORTED
closest glow bowling place,UNSUPPORTED
Where is a BBQ restaurant in Portland,UNSUPPORTED
Gift wrapping service near me,UNSUPPORTED
Apple orchard in Georgia,UNSUPPORTED
How many times has my mother called me today?,UNSUPPORTED
can i max out my friends schedule,UNSUPPORTED
What time does south Lyon high school start classes,UNSUPPORTED
Show me pictures of my aunt's new dog.,UNSUPPORTED
Do my friends have any upcoming events this month?,UNSUPPORTED
Help me to find a good restaurant for Tuesday night,UNSUPPORTED
How many miles is the suns radius,UNSUPPORTED
Family themed restaurants with Thanksgiving reservations,UNSUPPORTED
Where can we go to play in the snow,UNSUPPORTED
Build-a-bear workshops in Charlotte,UNSUPPORTED
ac on,UNSUPPORTED
Places to visit in Lahaina,UNSUPPORTED
Taste of natural peanut butter,UNSUPPORTED
Share my destination with my dad,UNSUPPORTED
tree lots close by,UNSUPPORTED
Closest bakery to get Christmas cookies near me tomorrow,UNSUPPORTED
Haitian restaurants  not too far away but also parts of city that opens 24 hours,UNSUPPORTED
Where do I find the animals that go in the petting zoo on Friday at at the school gymnasium in Redford Colorado,UNSUPPORTED
Fifth Third field is located where,UNSUPPORTED
Has Adam shared any of his playlists online,UNSUPPORTED
Should we have catering services for the wedding,UNSUPPORTED
cider mills open today,UNSUPPORTED
Where did Kat go for her audition?,UNSUPPORTED
Cooking Contest starts at 2pm today. Please remind me,UNSUPPORTED
art galleries near me,UNSUPPORTED
Where are the best bars,UNSUPPORTED
What time does the Big Bang Theory start?,UNSUPPORTED
Best place to shop for Christmas trees in St. Louis this weekend,UNSUPPORTED
Tell me the movies my friends are talking about,UNSUPPORTED
What time can i catch the sunset by mrytle beach,UNSUPPORTED
what date is kim's going away party?,UNSUPPORTED
Any Strip Clubs open in Miami late night,UNSUPPORTED
Are there any open karaoke bars tonight,UNSUPPORTED
Kissimmee family friendly eateries,UNSUPPORTED
Clubs to go in New York,UNSUPPORTED
"Chinese food Waianae, open tonight",UNSUPPORTED
How many times have you lost your keys?,UNSUPPORTED
Where can I eat in Northridge on Christmas Day,UNSUPPORTED
Best neighborhoods to go trick or treating in on Halloween,UNSUPPORTED
Starbucks near me open late,UNSUPPORTED
will there be food trucks at the park this weekend,UNSUPPORTED
Is there a beach near Robby's house?,UNSUPPORTED
Will all people from Betty's side of the family be attending the service?,UNSUPPORTED
Is any of my high school friends going out of town this weekend?,UNSUPPORTED
any good mexican restaurants near current location,UNSUPPORTED
Bus schedule to work today,UNSUPPORTED
How can I find a non-alcoholic bar,UNSUPPORTED
Whose college graduation  ceremony is the same as mine?,UNSUPPORTED
How to pass the SAT,UNSUPPORTED
Next full moon,UNSUPPORTED
vegan restaurants open right now in Manhattan,UNSUPPORTED
Have a summer home in Los Angeles California,UNSUPPORTED
Anywhere good indoor place for kids,UNSUPPORTED
Taco trucks in Upstate SC available after 5 pm,UNSUPPORTED
Restaurants with vegetarian menu in Orlando,UNSUPPORTED
What's the best tour to take the in-law on when they come to visit,UNSUPPORTED
Mexican restaurants nearby,UNSUPPORTED
Where to eat in Arts District tonight,UNSUPPORTED
How many of my friends have iphones?,UNSUPPORTED
Lithuanian food restaurants in battle ground,UNSUPPORTED
Show all of my friends at the football game.,UNSUPPORTED
ice skating rinks in new jersey,UNSUPPORTED
When did World War 2 begin?,UNSUPPORTED
art galleries that are open today,UNSUPPORTED
where are some sports bars in tampa,UNSUPPORTED
Family Museums in Las Vegas,UNSUPPORTED
what time do the bars close in LA,UNSUPPORTED
"Howdy, bot. What's your favorite restaurant in Atlanta and would we need weekend reservations",UNSUPPORTED
What are the best hotspots in CityWalk,UNSUPPORTED
change my home address to,UNSUPPORTED
Any new video games,UNSUPPORTED
Does anyone from my school use online tutors,UNSUPPORTED
What are La Copine's hours this week,UNSUPPORTED
Italian restaurants in Scranton,UNSUPPORTED
How many of John's family members RSVPd to the party next weekend?,UNSUPPORTED
What time does my supervisor's husband leave for work every day?,UNSUPPORTED
Where's the best place to go this weekend to get pasta,UNSUPPORTED
Where was the last place my cousin visited in the United States?,UNSUPPORTED
Most healthiest food,UNSUPPORTED
dim the lights,UNSUPPORTED
Show me all the events my nearby friends are attending this week.,UNSUPPORTED
Where would I find good Japanese food in town,UNSUPPORTED
Is there shopping after hours in December,UNSUPPORTED
Restaurants serving vegetarian food in New Orleans this month,UNSUPPORTED
I am bored,UNSUPPORTED
trendy bars in Chicago River North,UNSUPPORTED
What are the best wineries for white wine in Napa,UNSUPPORTED
Where is the Rite Aid in Canton Ga,UNSUPPORTED
Any restaurant holiday specials within 30 miles of me,UNSUPPORTED
Is it almost time for Stephany's wedding?,UNSUPPORTED
What time to the bars close near me,UNSUPPORTED
"Best places to go on New Year's Eve, please",UNSUPPORTED
What was the name of the song they played at Josh's wedding that I liked?,UNSUPPORTED
Where can I have dinner in SOHO friday night,UNSUPPORTED
seafood restaurants menu in boca raton,UNSUPPORTED
List movie theaters near my brother's house,UNSUPPORTED
When is the best time to visit Hawaii?,UNSUPPORTED
Is my local Wal-Mart a 24 hour store,UNSUPPORTED
Are any of my family members going to the Spring Festival?,UNSUPPORTED
Flotation sessions groupon,UNSUPPORTED
How many floors did the old Purks Middle School,UNSUPPORTED
"event planner available in Tucson,az",UNSUPPORTED
We needs a few dozen of balloons for the party next tuesday,UNSUPPORTED
Pet friendly restaurants near me,UNSUPPORTED
Tickets for the Copacabana Times Square New Years Eve party,UNSUPPORTED
Tell me about attractions in downtown indianapolis,UNSUPPORTED
What is the name of the movie that my sisters were in,UNSUPPORTED
Where is the Nutcracker performing with available tickets within 20 miles of Colorado Springs,UNSUPPORTED
"if you won a million dollars, what would you do",UNSUPPORTED
are there any museums in downtown Las Vegas,UNSUPPORTED
best place to have margaritas,UNSUPPORTED
Any good museum for kids in New York,UNSUPPORTED
best place to christmas shop near me,UNSUPPORTED
